date,ticker,price,decision,rsi,sentiment,reason
2025-12-21,BNB-USDT,858.64,buy,44.321314793647545,POSITIVE,"Trend Entry"
2025-12-21,BTC-USDT,88658.86,buy,46.15836012242394,POSITIVE,"Trend Entry"
2025-12-21,ETH-USDT,3002.02,buy,47.85176103377846,POSITIVE,"Trend Entry"
2025-12-21,XRP-USDT,1.9223,buy,42.217270645784126,POSITIVE,"Trend Entry"
2025-12-23,BNB-USDT,844.3,sell,41.16013925084488,NEGATIVE,"Negative Sentiment Exit"
2025-12-23,BTC-USDT,87486,sell,43.112086239933014,NEGATIVE,"Negative Sentiment Exit"
2025-12-23,ETH-USDT,2965.02,sell,45.87671818107387,NEGATIVE,"Negative Sentiment Exit"
2025-12-23,XRP-USDT,1.8734,sell,39.078778302058396,NEGATIVE,"Negative Sentiment Exit"
2025-12-24,DOT-USDT,1.738,buy,29.079270736582743,POSITIVE,"Bounce Entry"
2025-12-25,DOT-USDT,1.685,sell,27.20771524414226,NEGATIVE,"Negative Sentiment Exit"
2025-12-31,BNB-USDT,864.3,buy,49.61242448128477,POSITIVE,"Trend Entry"
2025-12-31,LTC-USDT,76.85,buy,41.827311669244,POSITIVE,"Trend Entry"
2026-01-01,BNB-USDT,864.39,sell,49.642362002905884,NEGATIVE,"Negative Sentiment Exit"
2026-01-01,LTC-USDT,79.97,sell,49.69763455892535,NEGATIVE,"Negative Sentiment Exit"
2026-01-04,ADA-USDT,0.4007,buy,54.680633791965214,POSITIVE,"Trend Entry"
2026-01-04,BNB-USDT,895.43,buy,59.0411764400036,POSITIVE,"Trend Entry"
2026-01-04,BTC-USDT,91529.73,buy,59.30155670876091,POSITIVE,"Trend Entry"
2026-01-04,DOGE-USDT,0.14953,buy,63.76453299168405,POSITIVE,"Trend Entry"
2026-01-04,DOT-USDT,2.142,buy,58.188091427336644,POSITIVE,"Trend Entry"
2026-01-04,ETH-USDT,3144.7,buy,60.807806427765854,POSITIVE,"Trend Entry"
2026-01-04,LTC-USDT,82.26,buy,54.63438702593737,POSITIVE,"Trend Entry"
2026-01-04,SOL-USDT,134.12,buy,59.33901037407095,POSITIVE,"Trend Entry"
2026-01-04,XRP-USDT,2.0909,buy,62.493797303619324,POSITIVE,"Trend Entry"
2026-01-05,ADA-USDT,0.4211,sell,59.362725084111865,NEGATIVE,"Negative Sentiment Exit"
2026-01-05,BNB-USDT,910.31,sell,62.87775288160296,NEGATIVE,"Negative Sentiment Exit"
2026-01-05,BTC-USDT,93859.71,sell,65.73614270846723,NEGATIVE,"Negative Sentiment Exit"
2026-01-05,DOGE-USDT,0.15171,sell,65.11230367313058,NEGATIVE,"Negative Sentiment Exit"
2026-01-05,DOT-USDT,2.208,sell,61.06953243270334,NEGATIVE,"Negative Sentiment Exit"
2026-01-05,ETH-USDT,3224.99,sell,65.7057423518529,NEGATIVE,"Negative Sentiment Exit"
2026-01-05,LTC-USDT,83.46,sell,57.32791237418434,NEGATIVE,"Negative Sentiment Exit"
2026-01-05,SOL-USDT,137.9,sell,63.893963888776725,NEGATIVE,"Negative Sentiment Exit"
2026-01-05,XRP-USDT,2.3478,sell,74.51971077404066,NEGATIVE,"Take Profit"
2026-01-31,ADA-USDT,0.2936,buy,29.054974039440985,POSITIVE,"Bounce Entry"
2026-01-31,BNB-USDT,781.38,buy,27.429075778929214,POSITIVE,"Bounce Entry"
2026-01-31,BTC-USDT,78741.09,buy,25.177160360756723,POSITIVE,"Bounce Entry"
2026-01-31,DOGE-USDT,0.10426,buy,27.539803733155495,POSITIVE,"Bounce Entry"
2026-01-31,DOT-USDT,1.547,buy,27.09452453506333,POSITIVE,"Bounce Entry"
2026-01-31,ETH-USDT,2451.95,buy,26.76382141649036,POSITIVE,"Bounce Entry"
2026-01-31,LTC-USDT,59.53,buy,24.071079147789867,POSITIVE,"Bounce Entry"
2026-01-31,SOL-USDT,105.58,buy,28.211459960573883,POSITIVE,"Bounce Entry"
2026-01-31,XRP-USDT,1.6472,buy,28.446285559149263,POSITIVE,"Bounce Entry"
2026-02-01,ETH-USDT,2270.15,sell,23.070108436839497,POSITIVE,"Stop Loss"
2026-02-02,ADA-USDT,0.2991,sell,33.2919357470513,NEGATIVE,"Negative Sentiment Exit"
2026-02-02,BNB-USDT,773.94,sell,29.584094272375268,NEGATIVE,"Negative Sentiment Exit"
2026-02-02,BTC-USDT,78738.61,sell,29.235525474093837,NEGATIVE,"Negative Sentiment Exit"
2026-02-02,DOGE-USDT,0.10792,sell,32.707691643302155,NEGATIVE,"Negative Sentiment Exit"
2026-02-02,DOT-USDT,1.543,sell,29.643281915517566,NEGATIVE,"Negative Sentiment Exit"
2026-02-02,LTC-USDT,60.02,sell,27.971320360755847,NEGATIVE,"Negative Sentiment Exit"
2026-02-02,SOL-USDT,104.55,sell,30.827111079494056,NEGATIVE,"Negative Sentiment Exit"
2026-02-02,XRP-USDT,1.6198,sell,29.298414357796553,NEGATIVE,"Negative Sentiment Exit"
2026-02-03,BNB-USDT,754.78,buy,27.317276231344618,POSITIVE,"Bounce Entry"
2026-02-03,BTC-USDT,75770.21,buy,25.588248038559446,POSITIVE,"Bounce Entry"
2026-02-03,DOT-USDT,1.5,buy,28.128171714714075,POSITIVE,"Bounce Entry"
2026-02-03,ETH-USDT,2233.72,buy,25.249100563990407,POSITIVE,"Bounce Entry"
2026-02-03,LTC-USDT,59.48,buy,27.30485879754824,POSITIVE,"Bounce Entry"
2026-02-03,SOL-USDT,97.89,buy,27.28355668503938,POSITIVE,"Bounce Entry"
2026-02-03,XRP-USDT,1.5791,buy,27.540914800182986,POSITIVE,"Bounce Entry"
2026-02-04,BNB-USDT,697.27,sell,21.894457198416077,NEGATIVE,"Stop Loss"
2026-02-04,BTC-USDT,73165.83,sell,22.890064301256093,NEGATIVE,"Negative Sentiment Exit"
2026-02-04,DOT-USDT,1.461,sell,26.79070519842638,NEGATIVE,"Negative Sentiment Exit"
2026-02-04,ETH-USDT,2148.26,sell,23.60399088290962,NEGATIVE,"Negative Sentiment Exit"
2026-02-04,LTC-USDT,58.89,sell,26.560234871954474,NEGATIVE,"Negative Sentiment Exit"
2026-02-04,SOL-USDT,92.12,sell,24.64085403714956,NEGATIVE,"Stop Loss"
2026-02-04,XRP-USDT,1.512,sell,24.890038456568284,NEGATIVE,"Negative Sentiment Exit"
2026-02-05,ADA-USDT,0.2455,buy,24.18057875671347,POSITIVE,"Bounce Entry"
2026-02-05,BNB-USDT,608.3,buy,16.452976423431934,POSITIVE,"Bounce Entry"
2026-02-05,BTC-USDT,62909.86,buy,15.816948790244947,POSITIVE,"Bounce Entry"
2026-02-05,DOGE-USDT,0.08849,buy,22.360994534877527,POSITIVE,"Bounce Entry"
2026-02-05,DOT-USDT,1.248,buy,20.935686359565178,POSITIVE,"Bounce Entry"
2026-02-05,ETH-USDT,1826.83,buy,18.675361458752633,POSITIVE,"Bounce Entry"
2026-02-05,LTC-USDT,50.79,buy,18.928403982363402,POSITIVE,"Bounce Entry"
2026-02-05,SOL-USDT,78.35,buy,19.72945505550368,POSITIVE,"Bounce Entry"
2026-02-05,XRP-USDT,1.2146,buy,17.054693095720662,POSITIVE,"Bounce Entry"
2026-02-06,ADA-USDT,0.2762,sell,35.38112019718264,NEGATIVE,"Take Profit"
2026-02-06,BNB-USDT,657.21,sell,27.169092160969793,NEGATIVE,"Take Profit"
2026-02-06,BTC-USDT,70580.26,sell,32.59315303320703,NEGATIVE,"Take Profit"
2026-02-06,DOGE-USDT,0.09848,sell,34.14899959333253,NEGATIVE,"Take Profit"
2026-02-06,DOT-USDT,1.368,sell,30.191955045648744,NEGATIVE,"Take Profit"
2026-02-06,ETH-USDT,2063.38,sell,30.22256806671942,NEGATIVE,"Take Profit"
2026-02-06,LTC-USDT,55.02,sell,30.206858805991093,NEGATIVE,"Take Profit"
2026-02-06,SOL-USDT,87.46,sell,29.711164583172696,NEGATIVE,"Take Profit"
2026-02-06,XRP-USDT,1.4698,sell,35.74658231434571,NEGATIVE,"Take Profit"
2026-02-10,BNB-USDT,619.85,buy,24.252163820538904,POSITIVE,"Bounce Entry"
2026-02-10,DOT-USDT,1.283,buy,27.502468350959287,POSITIVE,"Bounce Entry"
2026-02-10,LTC-USDT,53.38,buy,28.47898168256694,POSITIVE,"Bounce Entry"
2026-02-10,SOL-USDT,82.99,buy,27.5708636326579,POSITIVE,"Bounce Entry"
2026-02-11,BNB-USDT,608.11,sell,23.323683363272036,NEGATIVE,"Negative Sentiment Exit"
2026-02-11,DOT-USDT,1.256,sell,26.59093635053501,NEGATIVE,"Negative Sentiment Exit"
2026-02-11,LTC-USDT,52.32,sell,27.20890990331448,NEGATIVE,"Negative Sentiment Exit"
2026-02-11,SOL-USDT,79.3,sell,25.833054079117584,NEGATIVE,"Negative Sentiment Exit"
2026-02-13,BNB-USDT,599.2,buy,23.63240179636758,POSITIVE,"Bounce Entry"
2026-02-13,DOT-USDT,1.276,buy,28.843302241228518,POSITIVE,"Bounce Entry"
2026-02-13,ETH-USDT,1962.32,buy,29.633351184126138,POSITIVE,"Bounce Entry"
2026-02-13,SOL-USDT,80.09,buy,27.790509207770725,POSITIVE,"Bounce Entry"